{
  "generated_at": "2026-05-21T02:27:57+00:00",
  "tour": "wta",
  "method": "platt",
  "A": 0.8360296537134099,
  "B": 4.966044522546035e-19,
  "fit_year": 2024,
  "fit_n_matches": 2557,
  "metrics_uncalibrated": {
    "n": 2339,
    "log_loss": 0.6362528330657736,
    "brier": 0.22219106539056066,
    "accuracy": 0.6383069687900812
  },
  "metrics_calibrated": {
    "n": 2339,
    "log_loss": 0.6330856059704966,
    "brier": 0.2212161420148688,
    "accuracy": 0.6383069687900812
  }
}