{
  "generated_at": "2026-05-21T02:27:54+00:00",
  "tour": "atp",
  "method": "platt",
  "A": 0.8528705200436175,
  "B": 2.9053289199890874e-20,
  "fit_year": 2024,
  "fit_n_matches": 2866,
  "metrics_uncalibrated": {
    "n": 2468,
    "log_loss": 0.6305721072525484,
    "brier": 0.2206424152735821,
    "accuracy": 0.6446515397082658
  },
  "metrics_calibrated": {
    "n": 2468,
    "log_loss": 0.6276500914401222,
    "brier": 0.21963450940846385,
    "accuracy": 0.6446515397082658
  }
}